run_accession,ADRENAL GLAND,BONE MARROW,BRAIN,BREAST,ESOPHAGUS,KIDNEY,LIVER,LUNG,OVARY,PANCREAS,PROSTATE,SKIN,STOMACH,TESTIS,THYROID,UTERUS,predicted,MetaSRA
SRR534317,0.00013475456,6.035845e-05,5.8090927e-06,0.0009137605,0.0850284,0.007064928,0.00031507484,4.7062786e-05,0.69007427,0.011461807,0.096184894,4.3598913e-05,0.0025378666,0.0005501455,0.00023773742,0.10533958,OVARY,BRAIN
SRR537109,1.9849215e-10,1.763688e-11,1.3699339e-13,0.999782,7.238407e-09,1.2069283e-09,1.5571412e-11,0.00021783373,1.6160161e-09,1.2276995e-08,5.8253606e-09,1.8762364e-08,1.7133058e-08,7.2093315e-10,3.4984183e-08,1.9812395e-08,BREAST,LUNG
SRR1576155,1.9781262e-06,2.028145e-05,1.18956555e-11,7.653781e-05,8.354568e-08,0.00018784798,7.2575785e-06,1.2901734e-05,0.00051391916,2.4798285e-07,0.77460706,1.8273131e-07,7.783635e-07,0.000980852,3.766369e-07,0.22358969,PROSTATE,OVARY
SRR1576180,1.0147792e-06,8.102814e-06,6.2555187e-12,8.228449e-05,5.3776503e-08,0.00013053753,3.890339e-06,9.960493e-06,0.00026938264,1.5379695e-07,0.8818313,1.2634521e-07,5.2393113e-07,0.0004919428,2.195985e-07,0.117170505,PROSTATE,OVARY
SRR975588,9.2686203e-10,2.4614677e-11,8.261585e-16,2.749961e-10,2.3368386e-05,6.413214e-05,2.0889322e-08,5.8387315e-08,3.1459753e-09,5.5538507e-08,0.006835932,1.03057805e-11,0.99307644,4.4443768e-10,2.510764e-10,2.5986657e-09,STOMACH,LIVER
SRR975596,1.0786759e-05,8.2655384e-07,2.7154384e-10,0.00017067311,0.039351203,0.010541397,0.0005108556,0.00015769756,0.0007030655,0.0009699806,0.02335874,1.6662473e-06,0.9200507,3.661618e-05,2.8083516e-05,0.004107695,STOMACH,LIVER
SRR975599,0.00053968804,0.0006395869,3.3783068e-05,0.004134551,0.022298954,0.01925534,0.37537482,0.005041049,0.004429083,0.021458382,0.022854803,0.0008774574,0.5108068,0.0015622259,0.0011372276,0.009556146,STOMACH,LIVER
SRR975602,0.00012035559,7.8502846e-05,1.9963346e-07,0.00059822085,0.0677989,0.007637722,0.013088795,0.0002534932,0.001411829,0.012356058,0.024228387,2.5433359e-05,0.8663443,0.00040549494,4.9345905e-05,0.0056030047,STOMACH,LIVER
ERR030889,0.0011720135,0.060863353,6.9263037e-06,0.36203024,0.010104857,0.020401046,0.0014444933,0.31135514,0.0018408052,0.0012286579,0.01480841,0.00018806059,0.009445829,0.053938273,0.0715008,0.07967108,BREAST,ADRENAL GLAND
ERR030881,0.0009927704,0.06457647,7.218651e-06,0.48476702,0.007581328,0.021612855,0.0015377935,0.19841209,0.0019621514,0.0014675906,0.011004699,0.00020854748,0.00824677,0.058493152,0.061305776,0.07782381,BREAST,ADRENAL GLAND
SRR1744422,9.673793e-06,0.00055097096,9.217831e-06,0.0004290168,0.34693757,0.0003199583,0.00016162323,1.519183e-06,0.6460692,5.304192e-05,0.0026369228,2.871057e-05,4.2098538e-05,0.0014927833,5.4145494e-06,0.0012521923,OVARY,SKIN
SRR1744423,7.176575e-06,0.00051760953,1.1980759e-05,0.0002464897,0.5030148,0.00020441118,0.00013302805,1.3403406e-06,0.49239308,6.399614e-05,0.001795561,1.6299162e-05,2.9848574e-05,0.000735129,4.460492e-06,0.00082482264,ESOPHAGUS,SKIN
SRR1744425,1.1584731e-05,0.00032839217,2.3234836e-05,0.00025801864,0.4020346,0.00024169084,9.714838e-05,2.0621005e-06,0.59423125,4.9989347e-05,0.0010261378,1.4408702e-05,3.449605e-05,0.00062795053,5.5388728e-06,0.0010134686,OVARY,SKIN
SRR1744426,0.00031979493,0.0016616847,9.236195e-05,0.008377801,0.8724763,0.0040827743,0.0016464663,8.435596e-05,0.07292402,0.0009062468,0.01177465,0.001328477,0.0013207416,0.022394737,0.00017504451,0.0004345811,ESOPHAGUS,SKIN
SRR1744427,0.00029853135,0.0014714695,0.00010556633,0.015657023,0.8687328,0.006095263,0.001645186,4.7048845e-05,0.07420096,0.001051783,0.011546355,0.0010375786,0.0014711883,0.015979698,0.00016607075,0.00049347815,ESOPHAGUS,SKIN
SRR1744428,0.00033106227,0.0022964568,9.8585966e-05,0.011862606,0.83713686,0.0047234762,0.0019664266,2.9916173e-05,0.100412145,0.0010147906,0.013531624,0.0012790981,0.001191647,0.023414642,0.00019609358,0.0005144403,ESOPHAGUS,SKIN
SRR1744429,0.00040747254,0.002691423,0.00017532833,0.007146655,0.8304933,0.0031731788,0.0015785563,2.7326856e-05,0.10131554,0.0010058169,0.02599086,0.002624408,0.0008419144,0.021723986,0.00023393915,0.0005703454,ESOPHAGUS,SKIN
SRR1744424,9.945298e-06,0.0004411005,1.782814e-05,0.00022856196,0.3090235,0.00035288327,0.00011886702,1.4359377e-06,0.6861229,7.217065e-05,0.001691249,1.3992306e-05,4.493845e-05,0.0007070091,4.2092815e-06,0.0011493781,OVARY,SKIN
SRR837822,0.00017683272,6.1491432e-06,7.7221705e-07,0.000120388235,0.00054542255,0.0027562333,6.180889e-05,0.00015083862,0.00090181764,0.0016113976,0.31586498,1.7863542e-05,0.6763823,0.00014301311,4.5323497e-05,0.0012148871,STOMACH,LIVER
SRR837826,2.1665128e-05,1.6813425e-06,2.3741604e-05,3.243394e-05,3.3799894e-05,0.08158684,2.9993043e-06,2.3926717e-05,1.838266e-05,0.00065995025,0.9133695,2.4880088e-05,0.003115506,5.3442305e-05,0.0009238148,0.000107455075,PROSTATE,LIVER
SRR837829,0.0035329906,0.0002028697,0.00011386864,0.029867278,0.006475612,0.08229536,0.0009848013,6.188788e-05,0.0054843114,0.0045090523,0.8115064,0.00077829976,0.048488326,0.00092051394,0.00017768847,0.004600766,PROSTATE,LIVER
SRR837832,1.3243732e-08,9.450019e-10,1.4741852e-12,1.8920138e-05,6.578184e-08,0.9999509,1.7139171e-06,2.0602595e-08,7.9305496e-09,8.730496e-07,2.6491713e-05,5.7942867e-08,1.0188021e-06,1.7951132e-08,1.1587197e-09,8.138788e-09,KIDNEY,LIVER
SRR837838,0.0011414144,0.03298905,1.1874265e-06,0.012711268,0.008223684,0.027415428,0.00058292097,0.0022576095,0.0020740167,0.029090889,0.15009716,0.00010242604,0.7160734,0.0114937425,0.0014873361,0.00425849,STOMACH,LIVER
SRR837844,6.5981008e-06,2.7248775e-06,9.395278e-09,0.0016091081,0.00046735926,0.8187413,0.0018635736,3.754793e-05,0.00019891761,0.003555875,0.054969713,9.495331e-06,0.118134364,5.59055e-05,2.8243485e-06,0.0003447143,KIDNEY,LIVER
SRR837847,1.598972e-05,2.3066825e-07,8.314215e-08,0.0019115822,0.0005392799,0.39999115,0.02613976,1.6483404e-05,8.395996e-05,0.0019051732,0.22737025,1.858516e-05,0.340355,3.043349e-05,6.112127e-05,0.0015610028,KIDNEY,LIVER
SRR2046425,1.4870653e-08,1.807037e-07,7.114985e-13,2.2295018e-05,0.9885948,4.6575437e-06,7.698896e-07,0.0049559446,5.17848e-05,3.4310509e-07,0.005987013,1.2771842e-07,3.628605e-05,6.513767e-05,0.00013674975,0.00014391624,ESOPHAGUS,LUNG
SRR2046443,1.4058408e-05,1.4813476e-05,1.14560414e-07,0.00015276078,0.42713213,4.922657e-05,0.00034844823,0.00025160666,0.51823187,1.958589e-05,0.023964887,5.627784e-07,0.00019682555,0.028910317,5.597979e-05,0.00065688905,OVARY,LUNG
SRR2046431,7.57696e-09,6.4888667e-10,6.967813e-16,9.081814e-09,0.00012569375,0.00027312108,1.0736704e-05,3.002164e-08,6.302769e-07,2.4744536e-06,0.99071515,4.9218224e-10,0.00886281,7.1075434e-09,6.2483485e-09,9.377572e-06,PROSTATE,LUNG
SRR2046430,5.1041033e-12,7.0581397e-12,5.757489e-16,6.028489e-10,0.99992585,6.776752e-08,5.6820645e-11,4.5570994e-10,1.2634732e-07,9.393977e-11,7.383468e-05,9.617654e-10,1.08999025e-07,8.648169e-10,4.1631774e-09,1.2224268e-08,ESOPHAGUS,LUNG
SRR2046452,0.0003732525,1.4880027e-05,0.005379962,0.42558414,0.0009900295,0.06816697,2.5506217e-05,0.00029091386,0.26442513,0.00010867069,0.1812686,0.00023459108,0.00012432628,0.0005256453,0.004892012,0.04759541,BREAST,LUNG
SRR2046451,5.986633e-05,0.0004509414,3.7357677e-05,0.019666543,0.12610093,0.05428077,0.0004549541,0.00019954947,0.600461,0.006153903,0.0043964153,0.00047863406,0.0007036444,0.004229187,0.0004505111,0.18187582,OVARY,LUNG
SRR945210,0.0035408717,0.0016755197,0.7913037,0.0037174858,0.00014421907,0.004002498,2.8150564e-05,2.1285241e-05,8.5464744e-05,0.00010144786,0.15077457,0.037702944,3.9683968e-05,0.0002535569,0.005806514,0.00080213987,BRAIN,KIDNEY
SRR1648322,0.0026997596,0.105621226,0.0001781736,0.0007932746,0.019331988,0.004665503,0.015898943,0.04726591,0.05399234,0.0031487953,0.004254427,0.0003522966,0.0051345965,0.04190672,0.015088145,0.67966783,UTERUS,TESTIS
SRR1374342,8.064887e-09,5.790287e-07,6.694716e-13,0.0024283282,0.90636045,0.0060397205,1.5814546e-08,9.421902e-06,1.4305202e-05,2.4165852e-06,0.036144238,0.048883542,1.5829055e-05,1.1991589e-06,8.986186e-05,1.0122676e-05,ESOPHAGUS,SKIN
SRR070193,0.045500793,0.059860613,0.01277422,0.034435946,0.047818217,0.16714483,0.022209812,0.24240054,0.02567839,0.09327791,0.033416115,0.020957986,0.13715325,0.007194948,0.004505387,0.045671027,LUNG,KIDNEY
SRR886370,0.018424634,0.017277952,0.013442694,0.05250359,0.15479943,0.14115135,0.026836647,0.05790081,0.04349578,0.03867571,0.20527172,0.022506652,0.13337544,0.022020634,0.026502557,0.025814354,PROSTATE,KIDNEY
SRR886372,0.007264847,0.023070067,0.001574997,0.022717023,0.06611166,0.23307681,0.036879368,0.08518984,0.03992552,0.058996093,0.26521298,0.0026821436,0.1153298,0.013315781,0.010586739,0.01806621,PROSTATE,KIDNEY
SRR886374,0.011183068,0.0012927237,0.00011730539,0.0063566887,0.07321954,0.048258707,0.001089059,0.016946716,0.010626934,0.005220927,0.759216,0.003837817,0.025671927,0.0037993519,0.026583187,0.0065800296,PROSTATE,KIDNEY
SRR886376,0.0052884086,0.0010197728,0.00045170332,0.00864633,0.022232726,0.05044115,0.0020677538,0.023054823,0.0043971394,0.017691374,0.54012674,0.053399775,0.20808089,0.008156759,0.053143725,0.0018010071,PROSTATE,KIDNEY
SRR886377,0.0100758765,0.040954027,0.008739599,0.11210911,0.089052804,0.062446654,0.019555295,0.082497954,0.108769976,0.21575399,0.06504968,0.0050223754,0.12489434,0.0215852,0.02227164,0.011221581,PANCREAS,KIDNEY
SRR886378,0.0017664292,0.0022707446,9.911008e-05,0.007650825,0.37404287,0.017536905,0.0016719382,0.049381863,0.00958548,0.0021875766,0.1303742,0.0006509876,0.39974314,0.0007305384,0.0013892398,0.0009182034,STOMACH,KIDNEY
SRR886380,0.033005096,0.026331749,0.038370173,0.055885863,0.10696239,0.08856813,0.044268023,0.07547753,0.057621308,0.04503449,0.15422817,0.03778035,0.11942091,0.039166015,0.038358808,0.039521027,PROSTATE,KIDNEY
SRR886382,0.006240022,0.04720072,0.0031701936,0.017355401,0.094639935,0.1534146,0.03581944,0.13409318,0.18497247,0.047022957,0.08702825,0.00026302363,0.12214667,0.022461593,0.017665116,0.02650636,OVARY,KIDNEY
SRR886384,0.0031712137,0.002999946,0.00032452916,0.016226193,0.26143125,0.040146712,0.0021275277,0.008375282,0.031510673,0.014753105,0.5600929,0.0045007393,0.023631956,0.0047313627,0.01357252,0.012404057,PROSTATE,KIDNEY
SRR886386,0.008431752,0.0021932363,0.00011421618,0.010727203,0.021163316,0.09841405,0.0016521702,0.004188286,0.0012583248,0.008155706,0.3315328,0.064388804,0.43561944,0.00519237,0.0028523307,0.004115992,STOMACH,KIDNEY
SRR886388,0.009927498,0.0027010974,3.0397214e-05,0.04551884,0.18123151,0.2432732,0.0066283084,0.035285786,0.0011436524,0.015131788,0.15378,0.000739367,0.29677865,0.0010527773,0.002690835,0.0040862677,STOMACH,KIDNEY
SRR2954771,1.7682603e-05,3.6842903e-06,8.557748e-06,8.782464e-06,2.1675183e-05,0.0024590227,0.9971992,1.8831157e-06,7.631072e-06,0.00015082522,7.270413e-06,3.2397895e-06,8.0574166e-05,1.2956056e-05,3.888274e-06,1.3103154e-05,LIVER,KIDNEY
SRR363701,0.48663023,0.009465204,0.117645375,0.018054053,0.01645892,0.050143916,0.001760432,0.008032795,0.033022016,0.010058716,0.16530499,0.010273088,0.012202764,0.02177343,0.014427063,0.024746995,ADRENAL GLAND,BRAIN
SRR298696,0.01194374,0.32205185,0.0069290837,0.03761025,0.06418299,0.005276001,0.0054239254,0.1512101,0.011988313,0.005182633,0.0067131612,0.0038492489,0.009880851,0.1728267,0.06119992,0.12373124,BONE MARROW,ADRENAL GLAND
SRR298705,0.0009748432,4.9150458e-05,7.182175e-05,0.0009902887,3.5012272e-05,1.6109077e-05,0.00046509033,0.32857817,0.104182996,6.9562375e-05,0.00014050325,2.5233861e-05,0.00032666445,0.014747188,0.0036580723,0.5456693,UTERUS,OVARY
SRR1656643,9.426119e-10,1.6796988e-12,5.816773e-14,3.5186673e-08,5.730606e-09,0.8770794,0.12291634,8.4959255e-11,7.1256685e-09,4.0819245e-06,2.953827e-09,5.448851e-12,5.3140575e-08,3.0815386e-10,1.9071014e-09,3.6207638e-08,KIDNEY,LIVER
SRR1656646,2.0619497e-07,1.9482763e-10,3.8121378e-11,3.6834117e-06,2.0067493e-07,0.9370329,0.06243238,7.297315e-08,1.3210834e-07,0.000514078,3.0363148e-07,3.5088543e-10,5.8821524e-06,1.2343338e-07,9.0434805e-06,1.0376083e-06,KIDNEY,LIVER
SRR787272,9.451696e-10,5.962293e-10,3.1479305e-17,9.4786286e-05,2.081432e-05,0.000547093,1.4991913e-06,1.2264467e-06,1.7375662e-07,2.5573987e-05,0.03692658,5.1359223e-08,0.9623793,7.070603e-09,1.9100717e-08,2.8376542e-06,STOMACH,BREAST
SRR787275,9.741928e-31,3.1122588e-31,3.7887273e-32,8.932440500000001e-30,1.8143842e-28,2.2282604e-20,1.0,3.5884874e-34,1.7657723e-30,1.5686345e-25,5.3985712e-30,5.1032545e-31,3.5539288e-25,7.6981045e-29,6.696129e-33,4.7706394e-31,LIVER,KIDNEY
SRR787276,5.6087322e-11,4.007422e-12,5.0136767e-17,2.7080782e-09,1.0588338e-08,1.6926226e-07,2.8732404e-11,2.2186205e-08,1.4734607e-09,2.7339642e-10,0.9999994,2.1496256e-09,2.7239824e-07,2.6397533e-11,8.1980095e-10,1.4064918e-07,PROSTATE,LIVER
SRR787279,6.682864e-09,7.8918816e-10,4.443746e-17,1.0544966e-09,0.84060633,2.7546428e-05,1.8871037e-07,2.5581917e-07,0.061633382,1.03046126e-07,0.09722293,1.1866385e-09,0.00046139085,1.8688965e-07,1.0561798e-08,4.779373e-05,ESOPHAGUS,OVARY
SRR649364,5.2956645e-12,8.470958e-12,8.4056406e-17,9.444586e-10,0.9999939,5.9497256e-09,2.0599139e-10,1.5733173e-10,2.3242758e-07,5.508435e-09,3.1137404e-06,2.9465905e-10,2.710264e-06,1.0876122e-10,2.2588877e-11,2.5826985e-08,ESOPHAGUS,OVARY
SRR1554240,3.4825185e-05,5.864828e-05,2.9431271e-06,5.091448e-05,0.122245,9.21008e-05,0.00014816655,2.876963e-06,0.8609204,2.0567524e-05,0.00024910583,4.446334e-06,0.00012458659,0.00075733504,9.190088e-06,0.015278891,OVARY,BRAIN
SRR1554241,3.0040803e-05,2.8571792e-05,1.0174227e-05,3.8185004e-05,0.1302867,5.8050635e-05,9.437693e-05,1.1418801e-06,0.849862,8.623726e-06,0.00037125894,5.2626774e-06,0.00010939586,0.00087964145,9.799455e-06,0.01820679,OVARY,BRAIN
SRR1554242,3.9389175e-05,7.916905e-05,3.380062e-06,0.000139443,0.25403494,0.0001990729,0.00023078396,1.466008e-06,0.7019476,1.842229e-05,0.0015597548,1.2061336e-05,0.00026050673,0.0012495245,1.2978287e-05,0.040211592,OVARY,BRAIN
SRR1554243,2.4074805e-05,5.988851e-05,1.1512813e-05,0.00024934657,0.40011287,0.00014623102,0.00011302056,6.973185e-06,0.5685026,1.9151797e-05,0.0006920939,1.0612475e-05,0.0005669938,0.0021286027,3.4424153e-05,0.02732161,OVARY,BRAIN
SRR1554244,4.4163327e-05,0.00010479716,1.6610536e-05,0.0007737612,0.34493262,0.00033301263,0.00019025675,1.1609412e-05,0.5927747,2.912461e-05,0.0021365932,2.5718537e-05,0.0006430272,0.0040506246,6.8673995e-05,0.053864684,OVARY,BRAIN
SRR1554245,0.00014457652,9.835043e-05,1.5729482e-05,0.0028926062,0.0631943,0.001172568,0.00044535042,9.741374e-06,0.8237511,0.00013401794,0.0056575504,0.0002883517,0.0011052528,0.00077508367,0.00013972311,0.10017576,OVARY,BRAIN
SRR1554246,0.00018732194,0.00016263254,1.8737883e-05,0.0021632793,0.083841756,0.0016260416,0.0005370793,1.4912156e-05,0.7440338,0.00012467078,0.009340327,0.0001984037,0.002083151,0.00088437676,0.00014580274,0.1546377,OVARY,BRAIN
SRR1554247,2.7626438e-05,8.057856e-05,8.742003e-06,5.1400926e-05,0.04312642,7.8163495e-05,9.532244e-05,5.7338566e-06,0.94882023,1.2678521e-05,0.00044608692,1.0123624e-05,0.00030096615,0.0035417543,9.989652e-06,0.0033841585,OVARY,BRAIN
SRR1554248,1.5583577e-05,2.075209e-05,7.0371425e-06,5.5613913e-05,0.078084074,5.5215074e-05,6.836696e-05,2.1434316e-06,0.9047525,6.2542745e-06,0.00034382066,1.0591647e-06,8.462949e-05,0.00059760263,9.7546035e-06,0.015895696,OVARY,BRAIN
SRR1554249,8.540507e-05,1.6628479e-05,3.0203784e-05,4.785621e-05,0.04381539,0.00014749946,0.000120853736,5.4484553e-06,0.9365968,1.5843447e-05,0.00029815608,5.5351957e-06,0.00026856284,0.001524864,3.2348045e-05,0.016988536,OVARY,BRAIN
SRR1554250,0.00014776082,0.00019204384,1.012456e-05,0.0006737147,0.39768717,0.0016014723,0.00075412466,1.9105782e-05,0.55091476,0.00014154456,0.005744535,0.004994776,0.00096536975,0.004400963,0.00020754436,0.03154498,OVARY,BRAIN
SRR1554251,0.00015002106,0.00014153354,8.746767e-06,0.0006858778,0.3049993,0.0013552848,0.000586598,1.7868744e-05,0.639869,0.00010435104,0.0047232658,0.005672927,0.0009026645,0.002839707,0.00016412465,0.03777874,OVARY,BRAIN
SRR1509481,6.0618127e-06,3.3131646e-06,3.425061e-08,1.3535133e-07,0.003305406,0.07418417,1.2275656e-05,8.378011e-08,0.91118306,4.79175e-06,6.0320705e-05,3.143013e-08,4.5920983e-06,3.00389e-06,5.432512e-07,0.011232176,OVARY,KIDNEY
SRR1509482,5.685487e-06,4.8681727e-06,3.5686384e-08,1.1774603e-07,0.003785318,0.060143214,1.0268925e-05,1.07963714e-07,0.9207495,4.062695e-06,5.6878594e-05,3.3344293e-08,6.454117e-06,3.965617e-06,6.1718345e-07,0.0152289,OVARY,KIDNEY
SRR1509483,6.4530955e-06,4.113899e-06,2.987111e-08,1.2002303e-07,0.0025155619,0.06231348,9.366215e-06,9.569992e-08,0.92056865,4.1347653e-06,4.939314e-05,4.4707594e-08,3.6479225e-06,3.777139e-06,6.0933314e-07,0.014520587,OVARY,KIDNEY
SRR1509484,8.868629e-06,6.9785815e-06,4.8162608e-08,1.5561011e-07,0.0043914607,0.06718448,1.6362417e-05,1.3763027e-07,0.9027577,6.5398845e-06,7.536163e-05,4.400614e-08,7.230348e-06,7.106788e-06,7.1284575e-07,0.025536796,OVARY,KIDNEY
SRR1509485,6.128018e-06,8.278945e-06,4.47452e-08,1.7016671e-07,0.0041242195,0.05550784,1.5633048e-05,1.0951943e-07,0.9176547,7.162077e-06,4.7430873e-05,4.0950535e-08,7.931008e-06,5.833276e-06,7.3479316e-07,0.022613756,OVARY,KIDNEY
SRR1509486,5.795193e-06,5.9721597e-06,2.4723253e-08,1.11126816e-07,0.003974602,0.049060944,1.5274984e-05,1.2882407e-07,0.9309195,6.2318486e-06,6.0819202e-05,2.2628686e-08,7.211189e-06,4.171801e-06,5.9228444e-07,0.015938599,OVARY,KIDNEY
SRR1648445,5.6985286e-06,4.7175985e-05,0.0002725842,2.7247307e-07,3.608295e-05,8.127305e-06,1.3874086e-06,9.76995e-10,0.9976419,1.3764227e-06,0.00016504413,3.8673969e-07,1.4401267e-06,2.1059646e-05,1.8254289e-07,0.0017971834,OVARY,KIDNEY
SRR1648447,7.6095635e-06,7.111686e-05,0.00045526098,3.471344e-07,4.612066e-05,1.1133007e-05,2.6387586e-06,1.6796603e-09,0.9966748,1.8287386e-06,0.000336336,7.0317617e-07,2.3981142e-06,2.6707434e-05,2.2891858e-07,0.0023628417,OVARY,KIDNEY
SRR1648448,5.8325722e-06,5.6471603e-05,0.00021049146,3.503754e-07,5.565986e-05,9.78147e-06,1.8234107e-06,1.3161249e-09,0.99682546,1.5768148e-06,0.0002963546,5.044669e-07,1.7313613e-06,2.336589e-05,2.0191352e-07,0.0025104824,OVARY,KIDNEY
SRR1648449,6.867586e-06,7.754949e-05,0.00029340707,3.2353654e-07,6.1241306e-05,1.2258474e-05,2.349942e-06,1.9996231e-09,0.996311,1.8517643e-06,0.00036944842,7.853698e-07,2.4417732e-06,2.9204599e-05,3.7399764e-07,0.0028308919,OVARY,KIDNEY
SRR1648450,4.654265e-06,6.0471742e-05,0.00027732848,2.6772338e-07,4.1399704e-05,7.867751e-06,1.6849784e-06,1.0877673e-09,0.99786097,1.3219899e-06,0.00022478866,3.9450032e-07,1.6015648e-06,1.9732459e-05,1.73304e-07,0.0014974332,OVARY,KIDNEY
SRR299115,0.00048413218,0.00026466217,6.5699273e-06,0.8937092,0.007943668,0.0016259619,0.00025249185,0.00971808,0.0018268807,0.0005743683,0.0021715828,0.0027765909,0.002313475,0.0032375315,0.008007513,0.065087214,BREAST,TESTIS
SRR557139,0.00015065724,0.00031490877,4.076913e-05,0.0056632604,0.031326942,0.0024683939,0.00061050704,0.00021682624,0.6541997,0.0007702547,0.0021919925,0.00019265845,0.00081855914,0.0008526971,0.0012917565,0.2988901,OVARY,BONE MARROW
SRR557140,0.00019249399,0.00033961315,5.486601e-05,0.00607283,0.038256317,0.0021583268,0.00073600654,0.00022345946,0.6884766,0.0008749413,0.0021060864,0.00018130537,0.0008510648,0.0011696753,0.0014620301,0.25684437,OVARY,BONE MARROW
SRR1150534,3.8850965e-07,5.1873908e-08,6.4855314e-08,0.9824241,1.742452e-06,2.208828e-07,3.7564096e-08,7.496676e-08,2.4858811e-05,1.6471155e-06,1.9831292e-05,7.0858955e-06,1.4476078e-06,2.7100526e-07,4.519712e-07,0.017517578,BREAST,UTERUS
SRR1150536,1.1368112e-06,1.807181e-06,4.1470372e-07,0.68339455,1.9989996e-06,1.9026251e-07,1.3847992e-07,6.332483e-08,0.00014204979,4.5911156e-06,6.2612606e-05,1.096223e-05,1.304053e-06,3.4582597e-06,1.6278974e-06,0.31637308,BREAST,UTERUS
SRR2859776,2.1416796e-05,8.571589e-05,9.1801377e-07,0.000107148844,0.1449997,0.00015213405,5.7486974e-05,0.05280038,0.008697742,0.00060179306,0.7865733,1.621066e-05,0.0043920656,9.052314e-05,0.001171627,0.00023181329,PROSTATE,LUNG
SRR961667,0.00029012456,3.1335228e-06,3.8649017e-05,0.0020158947,7.744403e-05,0.06528846,0.00021558994,7.3268176e-08,0.004025103,4.0907977e-05,0.92773443,5.6546654e-05,3.4482713e-05,8.6543485e-05,3.2642405e-05,6.004539e-05,PROSTATE,SKIN
SRR961668,1.7870665e-06,3.74408e-09,8.362714e-07,0.014063763,4.965634e-07,0.0064069196,3.184273e-07,7.348445e-09,2.3101582e-06,1.6358775e-06,0.9795027,2.3719035e-06,2.8241693e-06,5.879742e-07,1.2576899e-05,9.042854e-07,PROSTATE,SKIN
SRR1583602,5.353983e-06,3.1741937e-08,1.3345366e-10,3.5900728e-05,9.235291e-05,0.005268678,0.00022545937,0.01787274,2.6839294e-05,0.00070386654,0.00040204133,2.899134e-07,0.9751668,2.2164431e-06,7.818896e-05,0.00011924008,STOMACH,LUNG
SRR1265104,0.07068167,0.0066996133,0.0027801783,0.007295653,0.24129905,0.02226018,0.003922234,0.060708396,0.19284,0.027894659,0.086450554,0.0006009464,0.17600042,0.028044766,0.015991714,0.05652999,ESOPHAGUS,STOMACH
SRR1265114,0.015812023,0.0005281592,0.7226372,0.0022256423,0.016254568,0.002034977,0.0003870472,0.0019809306,0.06007325,0.024927719,0.007728931,0.00074932945,0.12568577,0.0022929218,0.010519825,0.006161639,BRAIN,STOMACH
SRR1265883,0.002471388,0.00021893563,7.2844545e-05,0.00012818557,0.16855827,0.06598465,0.00090946216,0.009960981,0.052694384,0.006254529,0.5602513,0.00013645178,0.08751686,0.0018453221,0.02515199,0.017844414,PROSTATE,STOMACH
SRR1427488,1.4929431e-07,9.613684e-09,6.43586e-12,0.84563255,5.686286e-07,2.798337e-05,0.1541366,2.11412e-08,3.4805216e-05,8.980287e-06,0.00012559193,6.537586e-08,3.1310046e-05,5.420751e-07,1.6431468e-08,7.7247313e-07,BREAST,LIVER
SRR332266,8.945647e-09,6.432845e-09,3.3885056e-10,2.1349578e-09,1.7796177e-08,3.0511547e-08,7.3791484e-09,1.0580424e-09,6.93995e-10,2.5019193e-09,0.9999999,3.2279073e-09,5.1772147e-09,1.8940751e-08,4.4374993e-08,2.640805e-09,PROSTATE,BONE MARROW
SRR332267,1.9846062e-05,4.9185754e-05,2.8536915e-06,3.5582045e-05,7.270127e-05,0.00029169026,2.0343821e-05,7.13494e-06,4.032918e-06,3.592588e-05,0.99934417,1.4869216e-05,1.3213117e-05,1.9095694e-05,5.769233e-05,1.1639791e-05,PROSTATE,BONE MARROW
SRR332268,6.568831e-07,2.1049293e-07,3.5591688e-10,8.272764e-09,1.618312e-05,0.94424796,2.322576e-06,1.5736474e-05,1.07079714e-07,2.4199153e-06,0.055708796,3.9947e-06,5.9071544e-07,1.4445902e-07,1.6970117e-07,7.095585e-07,KIDNEY,BONE MARROW
SRR332269,1.5849344e-07,7.669952e-08,4.190626e-09,2.3954339e-08,3.9246544e-07,5.8307063e-07,1.0973609e-07,2.858654e-08,3.9715363e-08,7.4627266e-08,0.99999714,1.3839067e-07,2.7919955e-07,1.4834683e-07,7.228224e-07,1.1023705e-07,PROSTATE,BONE MARROW
SRR332270,2.745156e-07,9.194376e-08,1.1826534e-09,8.768383e-08,2.8320346e-07,4.9681813e-07,9.978553e-08,3.1480106e-08,5.3415118e-08,1.8955299e-07,0.99999666,2.009512e-07,2.1184576e-07,2.3936485e-07,8.494179e-07,1.9451687e-07,PROSTATE,BONE MARROW
SRR332271,2.4984577e-06,9.97678e-07,2.133461e-07,8.230855e-07,2.5860306e-06,4.1615494e-06,1.4331325e-06,2.882966e-07,3.5638263e-07,1.1433439e-06,0.99997187,2.6986572e-06,2.2968366e-06,2.7235244e-06,4.5956695e-06,1.241023e-06,PROSTATE,BONE MARROW
SRR332272,3.920692e-08,3.7639754e-08,1.7572176e-09,1.4594607e-08,9.624137e-07,4.5429495e-08,1.5579678e-08,5.4291336e-09,5.1151556e-08,1.8938229e-08,0.99999833,3.3264644e-08,4.334896e-08,2.6915203e-07,1.13201594e-07,1.7188551e-08,PROSTATE,BONE MARROW
SRR332273,1.6990396e-07,2.2963307e-07,2.556929e-09,1.3740517e-07,6.723639e-07,6.081997e-06,2.4572e-07,5.7804478e-08,3.7512496e-08,3.849142e-07,0.9999896,3.4016733e-07,3.8322307e-07,3.0929522e-07,9.070609e-07,3.7328942e-07,PROSTATE,BONE MARROW
SRR1179855,9.778946e-06,0.0008682583,0.0004893557,5.122487e-07,0.000162254,9.718163e-06,9.035116e-06,1.5874134e-08,0.986272,4.0910913e-06,0.0006168522,3.8349212e-06,1.7086276e-06,0.00033692687,2.2862591e-06,0.011213387,OVARY,KIDNEY
SRR1179856,8.607164e-06,0.00066091045,0.00045918496,6.879886e-07,0.00016125073,1.1264519e-05,6.6526172e-06,1.8836124e-08,0.98428196,2.896797e-06,0.00042887978,2.4964309e-06,1.4530145e-06,0.00020412423,1.3238014e-06,0.013768194,OVARY,KIDNEY
SRR2016701,2.2542079e-06,0.00029983002,3.764349e-06,3.9583315e-07,0.0001465134,1.2174951e-06,1.958021e-06,3.3979013e-08,0.99522996,1.4456437e-07,8.207194e-06,1.7153426e-06,6.4140966e-07,4.4902183e-05,1.3710883e-07,0.0042582955,OVARY,SKIN
SRR2016704,3.038989e-06,0.00028369858,3.4492264e-06,5.8029e-07,0.00026705337,1.8555347e-06,2.1995738e-06,5.5714132e-08,0.99477947,2.6055687e-07,6.3517987e-06,1.6324379e-06,1.2442642e-06,5.1281822e-05,2.040447e-07,0.0045976797,OVARY,SKIN
SRR2016711,4.1925864e-06,0.00026671158,4.4558274e-06,6.3116545e-07,0.00027036943,1.5991291e-06,1.7041758e-06,6.154198e-08,0.99444205,1.710359e-07,8.005213e-06,1.8169756e-06,8.367909e-07,9.244359e-05,1.2887955e-07,0.0049047563,OVARY,SKIN
SRR2016741,3.4721254e-06,0.00017123528,7.0561136e-06,5.846564e-07,0.00022964983,1.6803525e-06,1.2306848e-06,2.1195245e-08,0.99618113,1.3177817e-07,1.022301e-05,9.76399e-07,7.520522e-07,5.023929e-05,7.716092e-08,0.0033416117,OVARY,SKIN
SRR2016807,7.449032e-06,0.00037915542,2.3993407e-05,1.9950744e-06,0.00046122776,3.1345915e-06,1.8713145e-06,5.7265385e-08,0.99170715,4.3694965e-07,2.227022e-05,2.2838092e-06,1.7961244e-06,0.000112773865,2.1408523e-07,0.007274111,OVARY,SKIN
SRR2016810,8.383096e-06,0.00051561074,3.2314212e-05,1.7980447e-06,0.0003948436,4.1814724e-06,2.0675761e-06,4.6446203e-08,0.99240583,2.6222855e-07,2.2738599e-05,3.501997e-06,1.6076029e-06,0.00011826294,1.839476e-07,0.006488379,OVARY,SKIN
SRR2414435,1.3870557e-07,4.5481494e-07,9.984424e-12,1.15103624e-07,1.2897513e-05,0.021331098,1.3940696e-07,1.1385033e-07,7.8846824e-05,4.896292e-06,0.97850513,2.8094439e-08,2.427229e-06,6.6873366e-07,1.209346e-06,6.173232e-05,PROSTATE,UTERUS
SRR2414418,1.6379403e-07,6.1316325e-09,8.406936e-12,5.2478714e-05,1.2203074e-06,0.009723259,9.537957e-09,6.87959e-07,2.6218708e-05,6.6329056e-07,0.880238,1.8672919e-06,4.874298e-06,2.6128856e-08,4.387607e-06,0.1099461,PROSTATE,UTERUS
SRR2013436,8.602156e-06,0.0001042615,1.0943696e-06,1.1102119e-05,0.03521592,7.807303e-06,9.17575e-06,5.6053153e-07,0.9515207,4.6402847e-06,0.0060447706,1.2259421e-06,0.00010762334,9.09666e-05,2.5972458e-06,0.006869093,OVARY,PROSTATE
SRR2013435,3.7320617e-06,5.4876724e-05,4.6193293e-07,1.2024769e-05,0.020956565,4.581295e-06,5.629809e-06,2.602137e-07,0.97217584,2.2616505e-06,0.0020344416,3.480972e-07,5.358874e-05,4.8663216e-05,8.9573575e-07,0.0046458757,OVARY,PROSTATE
SRR2013434,4.024318e-06,6.180186e-05,4.0063566e-07,4.937648e-06,0.037216857,4.335854e-06,3.9627735e-06,2.0191541e-07,0.9520213,1.8968389e-06,0.007742861,7.738548e-07,4.0397204e-05,5.098549e-05,8.082596e-07,0.0028445518,OVARY,PROSTATE
SRR2013433,2.1896424e-06,3.3407152e-05,2.0715176e-07,2.471354e-06,0.036720667,2.8490613e-06,2.5231343e-06,1.3597528e-07,0.9560614,1.1584693e-06,0.0042899647,3.98405e-07,3.2288663e-05,2.8608054e-05,3.8301155e-07,0.0028214345,OVARY,PROSTATE
SRR2121907,0.066620976,0.06353906,0.06573639,0.061607324,0.066746525,0.06917519,0.05289827,0.05694858,0.058416657,0.06451911,0.06669438,0.060349163,0.06354732,0.067356646,0.0572247,0.058619723,KIDNEY,BRAIN
SRR2121909,0.060118895,0.06363536,0.07388534,0.07420139,0.06675852,0.057489026,0.056769237,0.054271974,0.06740734,0.061531708,0.059256736,0.06562338,0.05970165,0.05919966,0.05622714,0.063922636,BREAST,BRAIN
SRR2121908,0.06249972,0.063554294,0.061231732,0.06398768,0.06293825,0.061793018,0.05876663,0.060902312,0.0649944,0.06348486,0.06451804,0.06235811,0.060748555,0.062365808,0.061488193,0.06436839,OVARY,BRAIN
SRR2995147,1.3404869e-05,8.019052e-06,6.459587e-07,4.483154e-06,0.00823678,5.809132e-05,7.150372e-05,8.4930406e-07,0.98998815,2.1331467e-05,3.7543294e-05,1.5855238e-07,0.00021109375,3.073454e-05,4.233746e-08,0.0013170606,OVARY,LUNG
SRR1207372,0.001552329,0.0048879096,0.00030496618,0.0062812963,0.11709085,0.008490217,0.00528442,0.038928084,0.47592136,0.004367579,0.00550393,0.0021857552,0.0055147144,0.005887997,0.0035697964,0.31422883,OVARY,LUNG
SRR946925,0.00042626745,0.0011252827,0.26385742,0.0024883626,0.0014415073,0.0018256025,0.00022797518,3.9421637e-05,0.0011613409,0.0030395791,0.5812361,0.1397344,0.001200455,0.0019199962,5.1563362e-05,0.00022473397,PROSTATE,LIVER
SRR1284895,0.0028916944,0.0122666545,0.011897345,0.0019589933,0.0161736,0.006451492,0.0043623433,0.0001319765,0.45662695,0.00251155,0.035488386,0.0026853634,0.0019313819,0.0064248294,0.0014333039,0.43676406,OVARY,KIDNEY
SRR1313203,4.464311e-26,2.8737134e-26,1.12932734e-26,1.0058183e-24,2.6511106e-24,2.5130945999999998e-18,1.0,2.3381722e-29,1.3088843999999999e-25,1.7712316e-21,4.7844297e-26,9.669898000000001e-27,2.722331e-21,2.9672687e-24,3.6367313e-28,2.0510883e-26,LIVER,BREAST
SRR786786,2.3217281e-09,1.2400514e-07,3.1574805e-13,5.090467e-06,9.758216e-11,4.4451416e-09,3.327586e-10,7.784558e-11,0.2621364,1.4517958e-08,9.422539e-06,1.6052423e-08,1.4101373e-09,0.73784107,3.6845684e-09,7.843927e-06,TESTIS,OVARY
